name,Content Structurs,Research,article,
Douane-inklaring Europa:,Douane-inklaring Europa,Douane-inklaring Europa,https://docs.google.com/document/d/1zb3O3UNI8HnsAnrgt--uEUL8-ugaiVVkO-ZpCIEKivY/edit?usp=sharing,
Import douane-inklaring,Untitled document,Import douane-inklaring,https://docs.google.com/document/d/1zb3O3UNI8HnsAnrgt--uEUL8-ugaiVVkO-ZpCIEKivY/edit?usp=sharing,
Douane-inklaring Export Europe,"H1: Douane-inklaring Export Europe – Snelle, Foutloze Inklaring Zonder Vertraging of Boetes",Douane-inklaring Export Europe,https://docs.google.com/document/d/1zb3O3UNI8HnsAnrgt--uEUL8-ugaiVVkO-ZpCIEKivY/edit?usp=sharing,
Transit douaneafhandeling,Transit douaneafhandeling,Transit douaneafhandeling,https://docs.google.com/document/d/1zb3O3UNI8HnsAnrgt--uEUL8-ugaiVVkO-ZpCIEKivY/edit?usp=sharing,
Deur-tot-deur douaneafhandeling,Deur-tot-deur douaneafhandeling europe,Deur-tot-deur douaneafhandeling europe,https://docs.google.com/document/d/1zb3O3UNI8HnsAnrgt--uEUL8-ugaiVVkO-ZpCIEKivY/edit?usp=sharing,
Douane Expediteur Europa, [douane expediteur europa], [douane expediteur europa],https://docs.google.com/document/d/1zb3O3UNI8HnsAnrgt--uEUL8-ugaiVVkO-ZpCIEKivY/edit?usp=sharing,
Douane compliance diensten,Douane compliance diensten],Douane compliance diensten],https://docs.google.com/document/d/1zb3O3UNI8HnsAnrgt--uEUL8-ugaiVVkO-ZpCIEKivY/edit?usp=sharing,
Inklaring Turkije naar Duitsland ,Inklaring Turkije naar Duitsland,Inklaring Turkije naar Duitsland,https://docs.google.com/document/d/1zb3O3UNI8HnsAnrgt--uEUL8-ugaiVVkO-ZpCIEKivY/edit?usp=sharing,
Import inklaring Duitsland,Import inklaring Duitsland,Import inklaring Duitsland,https://docs.google.com/document/d/1zb3O3UNI8HnsAnrgt--uEUL8-ugaiVVkO-ZpCIEKivY/edit?usp=sharing,
Export inklaring Duitsland,Export inklaring Duitsland,Export inklaring Duitsland,https://docs.google.com/document/d/1zb3O3UNI8HnsAnrgt--uEUL8-ugaiVVkO-ZpCIEKivY/edit?usp=sharing,
Inklaring China naar Frankrijk,Inklaring China naar Frankrijk,Inklaring China naar Frankrijk,https://docs.google.com/document/d/1zb3O3UNI8HnsAnrgt--uEUL8-ugaiVVkO-ZpCIEKivY/edit?usp=sharing,
Inklaring VS naar Duitsland,Inklaring VS naar Duitsland,Inklaring VS naar Duitsland,https://docs.google.com/document/d/1zb3O3UNI8HnsAnrgt--uEUL8-ugaiVVkO-ZpCIEKivY/edit?usp=sharing,
Inklaring Marokko naar Frankrijk,Inklaring Marokko naar Frankrijk,Inklaring Marokko naar Frankrijk,https://docs.google.com/document/d/1zb3O3UNI8HnsAnrgt--uEUL8-ugaiVVkO-ZpCIEKivY/edit?usp=sharing,
Douane-inklaring Duitsland,Douane-inklaring Duitsland,Douane-inklaring Duitsland,https://docs.google.com/document/d/1zb3O3UNI8HnsAnrgt--uEUL8-ugaiVVkO-ZpCIEKivY/edit?usp=sharing,
Douane-inklaring Frankrijk,Douane-inklaring Frankrijk,Douane-inklaring Frankrijk,https://docs.google.com/document/d/1zb3O3UNI8HnsAnrgt--uEUL8-ugaiVVkO-ZpCIEKivY/edit?usp=sharing,
Douane-inklaring België,Douane-inklaring België,Douane-inklaring België,https://docs.google.com/document/d/1zb3O3UNI8HnsAnrgt--uEUL8-ugaiVVkO-ZpCIEKivY/edit?usp=sharing,
Douane-inklaring bij import in België,Import inklaring België,Import inklaring België,https://docs.google.com/document/d/1zb3O3UNI8HnsAnrgt--uEUL8-ugaiVVkO-ZpCIEKivY/edit?usp=sharing,
Douane-inklaring Export België,Douane-inklaring Export België,Douane-inklaring Export België,https://docs.google.com/document/d/1zb3O3UNI8HnsAnrgt--uEUL8-ugaiVVkO-ZpCIEKivY/edit?usp=sharing,
Douane-inklaring Nederland,Douane-inklaring Nederland,Douane-inklaring Nederland,https://docs.google.com/document/d/1zb3O3UNI8HnsAnrgt--uEUL8-ugaiVVkO-ZpCIEKivY/edit?usp=sharing,
Import inklaring Nederlandh,Import inklaring Nederlandh,Import inklaring Nederlandh,https://docs.google.com/document/d/1zb3O3UNI8HnsAnrgt--uEUL8-ugaiVVkO-ZpCIEKivY/edit?usp=sharing,
Export inklaring Nederland,Export inklaring Nederland,Export inklaring Nederland,https://docs.google.com/document/d/1zb3O3UNI8HnsAnrgt--uEUL8-ugaiVVkO-ZpCIEKivY/edit?usp=sharing,
Fiscale Vertegenwoordiging Nederland,Fiscale Vertegenwoordiging Nederland,Fiscale Vertegenwoordiging Nederland,https://docs.google.com/document/d/1zb3O3UNI8HnsAnrgt--uEUL8-ugaiVVkO-ZpCIEKivY/edit?usp=sharing,
Douane-inklaring Antwerpen,Douane-inklaring Antwerpen,Douane-inklaring Antwerpen,https://docs.google.com/document/d/1zb3O3UNI8HnsAnrgt--uEUL8-ugaiVVkO-ZpCIEKivY/edit?usp=sharing,
Douane-inklaring Rotterdam,Douane-inklaring Rotterdam,Douane-inklaring Rotterdam,https://docs.google.com/document/d/1zb3O3UNI8HnsAnrgt--uEUL8-ugaiVVkO-ZpCIEKivY/edit?usp=sharing,
Douane-inklaring Hamburg,Douane-inklaring Hamburg,Douane-inklaring Hamburg,https://docs.google.com/document/d/1zb3O3UNI8HnsAnrgt--uEUL8-ugaiVVkO-ZpCIEKivY/edit?usp=sharing,
Container inklaring,Container inklaring,Container inklaring,https://docs.google.com/document/d/1zb3O3UNI8HnsAnrgt--uEUL8-ugaiVVkO-ZpCIEKivY/edit?usp=sharing,
4/19/2026,,,https://docs.google.com/document/d/1zb3O3UNI8HnsAnrgt--uEUL8-ugaiVVkO-ZpCIEKivY/edit?usp=sharing,
Wegtransport inklaring,Wegtransport inklaring,Wegtransport inklaring,https://docs.google.com/document/d/1zb3O3UNI8HnsAnrgt--uEUL8-ugaiVVkO-ZpCIEKivY/edit?usp=sharing,
Customs Clearance Europe,https://docs.google.com/document/d/1MIqD7WEIBYWWg5KxgN7kBaxlu0xuAeeJD8T_Jg4NBCs/edit?usp=sharing,https://docs.google.com/document/d/1TvMVq9a57n0xVKGnhZ2ENdVRxtFTErEL4jISC8S_Q4U/edit?tab=t.0#heading=h.il0rcfou2ovt,https://docs.google.com/document/d/1zb3O3UNI8HnsAnrgt--uEUL8-ugaiVVkO-ZpCIEKivY/edit?usp=sharing,https://docs.google.com/document/d/1AlPoJhkHwtIfb5vT3Ac8VeJGOlLCod9YWv_pZTdG-BQ/edit?tab=t.0
Import Customs Clearance Europe,https://docs.google.com/document/d/1pXPZhf2hI4c9Tw9mkhHGFbBmfmk_ZPrcmlGIlfLSiLk/edit?usp=sharing,https://docs.google.com/document/d/1gyssWIQ-s15vyGcAxP4Jz1PCa2PskOZU8sv0ZGJXqVc/edit?tab=t.0#heading=h.nk45ws76d1dm,https://docs.google.com/document/d/1zb3O3UNI8HnsAnrgt--uEUL8-ugaiVVkO-ZpCIEKivY/edit?usp=sharing,https://docs.google.com/document/d/1AlPoJhkHwtIfb5vT3Ac8VeJGOlLCod9YWv_pZTdG-BQ/edit?tab=t.9fyt8rnre70v
Export Customs Clearance Europe,https://docs.google.com/document/d/19hNmyl_eo2dfb4mNdWwNTSvMzjs9Fk4how9-_q5hBWY/edit?tab=t.0,https://docs.google.com/document/d/1TvMVq9a57n0xVKGnhZ2ENdVRxtFTErEL4jISC8S_Q4U/edit?tab=t.0#heading=h.il0rcfou2ovt,https://docs.google.com/spreadsheets/d/1fXKNVbNoUaD1Lxygw5rZ0Jm0XF0CJpcGkUXNmQ7DMbk/edit?gid=640250486#gid=640250486,https://docs.google.com/document/d/1AlPoJhkHwtIfb5vT3Ac8VeJGOlLCod9YWv_pZTdG-BQ/edit?tab=t.nh0oafm27egr
Customs Broker Belgium,https://docs.google.com/document/d/1mYrExws2NIf56SdR6fuV822twO9MfnMC_gc77FqRCf4/edit?usp=sharing,https://docs.google.com/document/d/17wqanF5TVloSx5Ey94Z79yiA65OuB7tK-HQ9QQAOV3c/edit?tab=t.0#heading=h.4xuk80y0y1ad,https://docs.google.com/spreadsheets/d/1fXKNVbNoUaD1Lxygw5rZ0Jm0XF0CJpcGkUXNmQ7DMbk/edit?gid=1647706011#gid=1647706011,https://docs.google.com/document/d/1AlPoJhkHwtIfb5vT3Ac8VeJGOlLCod9YWv_pZTdG-BQ/edit?tab=t.5maclzyqvl64
Fiscal Representation EU,https://docs.google.com/document/d/11Mq-209kuT4CQlzxDP9SwsYSZr3NxrN-tUNnOcingrc/edit?usp=sharing,https://docs.google.com/document/d/1eahzO0GB-DrUVG4FARjwzsmfyNgP1TW24dqEIy1tdB8/edit?tab=t.0#heading=h.t5yv53jk7sue,https://docs.google.com/spreadsheets/d/1fXKNVbNoUaD1Lxygw5rZ0Jm0XF0CJpcGkUXNmQ7DMbk/edit?gid=1414662211#gid=1414662211,https://docs.google.com/document/d/1AlPoJhkHwtIfb5vT3Ac8VeJGOlLCod9YWv_pZTdG-BQ/edit?tab=t.4tu4dlaf1x5q
Transit Customs Clearance,https://docs.google.com/document/d/16y-k4iI2_LAz4rWbJhJueOzWDYPrjvUPCdYCSdZ_9q0/edit?usp=sharing,https://docs.google.com/document/d/17So3jXezSG6YbiGqeoAfzqiGZ6RyTDXIuPnpB-ll6lg/edit?tab=t.0,https://docs.google.com/spreadsheets/d/1fXKNVbNoUaD1Lxygw5rZ0Jm0XF0CJpcGkUXNmQ7DMbk/edit?gid=1199557366#gid=1199557366,https://docs.google.com/document/d/1AlPoJhkHwtIfb5vT3Ac8VeJGOlLCod9YWv_pZTdG-BQ/edit?tab=t.6uiprcfol2g3
Customs Compliance Services,https://docs.google.com/document/d/1xBxAoXoF-jTCXxWz1-sNv2Qarot2aUIvEhZcR4nA1eM/edit?usp=sharing,https://docs.google.com/document/d/1XsyTyDjfPd6438uGKqTrPWO0c1h0abFfa5DNQdd0wqo/edit?tab=t.0#heading=h.9ovmf4cd5qou,https://docs.google.com/spreadsheets/d/1fXKNVbNoUaD1Lxygw5rZ0Jm0XF0CJpcGkUXNmQ7DMbk/edit?gid=353423381#gid=353423381,https://docs.google.com/document/d/1AlPoJhkHwtIfb5vT3Ac8VeJGOlLCod9YWv_pZTdG-BQ/edit?tab=t.hrt3olwhtdcv
Customs Clearance Belgium,https://docs.google.com/document/d/1k0bcIPgBQaBfZ7zbYKDExVcX8h7n9ZrhVadBj1sTX00/edit?usp=sharing,https://docs.google.com/document/d/1vWINFSPjHB8aSO9JyoT5-VhzHEEZtMs2DZIsJYtpqJU/edit?tab=t.0#heading=h.z3v7ql6l9e2q,https://docs.google.com/spreadsheets/d/1fXKNVbNoUaD1Lxygw5rZ0Jm0XF0CJpcGkUXNmQ7DMbk/edit?gid=743426484#gid=743426484,https://docs.google.com/document/d/1AlPoJhkHwtIfb5vT3Ac8VeJGOlLCod9YWv_pZTdG-BQ/edit?tab=t.metj52jtcn7k
Customs Clearance Germany,https://docs.google.com/document/d/1ILPHhHu3ETwLigGlMh-Wfz0odZnQqyhcVIekzD_jwQY/edit?usp=sharing,https://docs.google.com/document/d/1nCbqGd_kHSaOS3nw02aa2ixyhJsXDwFxInpjDPKcv74/edit?tab=t.0#heading=h.4vjlpl68yyyn,https://docs.google.com/spreadsheets/d/1fXKNVbNoUaD1Lxygw5rZ0Jm0XF0CJpcGkUXNmQ7DMbk/edit?gid=14430523#gid=14430523,https://docs.google.com/document/d/1AlPoJhkHwtIfb5vT3Ac8VeJGOlLCod9YWv_pZTdG-BQ/edit?tab=t.z5kjyaevefkd
Customs Clearance France,,https://docs.google.com/document/d/15a-PN8eRYv87SkZo-ysFnlbL_Lnm3vNCIUMjrJPlb80/edit?tab=t.0#heading=h.jdppeyz0ep6a,https://docs.google.com/spreadsheets/d/1fXKNVbNoUaD1Lxygw5rZ0Jm0XF0CJpcGkUXNmQ7DMbk/edit?gid=941348778#gid=941348778,https://docs.google.com/document/d/1AlPoJhkHwtIfb5vT3Ac8VeJGOlLCod9YWv_pZTdG-BQ/edit?tab=t.q30tbqjh476a
Port of Antwerp Customs,https://docs.google.com/document/d/10fimAx91WduMmFmNJrlDJRr7SBzxTmpRj713PF7TVjg/edit?tab=t.0,https://docs.google.com/document/d/1aGXd1hkaasd0G3BUxNGKBzCLaogfGx6R8c-Jpc0sMZs/edit?usp=sharing,https://docs.google.com/spreadsheets/d/1fXKNVbNoUaD1Lxygw5rZ0Jm0XF0CJpcGkUXNmQ7DMbk/edit?gid=2061272244#gid=2061272244,https://docs.google.com/document/d/1AlPoJhkHwtIfb5vT3Ac8VeJGOlLCod9YWv_pZTdG-BQ/edit?tab=t.8a4ipgppse98#heading=h.v439qz7bdh67
Port of Rotterdam Custom,https://docs.google.com/document/d/15m-kSa6MRrGZycKVzJrAdyPK61P7wYkWOLjb4K_YFSI/edit?usp=sharing,https://docs.google.com/document/d/1xKs3zdIYKTXclbKueRTApEXNjeoYt7nAusOgXUBqwNY/edit?usp=sharing,https://docs.google.com/spreadsheets/d/1fXKNVbNoUaD1Lxygw5rZ0Jm0XF0CJpcGkUXNmQ7DMbk/edit?gid=1944014803#gid=1944014803,https://docs.google.com/document/d/1AlPoJhkHwtIfb5vT3Ac8VeJGOlLCod9YWv_pZTdG-BQ/edit?tab=t.iamgijx41k7h
Port of Hamburg Customs,https://docs.google.com/document/d/1vEPTCceJ1L3uEXEyXjygLd4tJH6j7QHRt6Qz5rAXaHs/edit?usp=sharing,https://docs.google.com/document/d/1bNoSaG4jt-gEtEwRrO5XM-B-V7CGuKx8lPNVSEY8FLM/edit?usp=sharing,https://docs.google.com/spreadsheets/d/1fXKNVbNoUaD1Lxygw5rZ0Jm0XF0CJpcGkUXNmQ7DMbk/edit?gid=1304186522#gid=1304186522,https://docs.google.com/document/d/1AlPoJhkHwtIfb5vT3Ac8VeJGOlLCod9YWv_pZTdG-BQ/edit?tab=t.lxhx161ys0w0
Door-to-Door Customs Clearance,https://docs.google.com/document/d/1fjFI-JPsS8rXr09r-hYRxcZqIOL-5Eac1UZP-PhPVuc/edit?usp=sharing,https://docs.google.com/document/d/1hOfZDAwcXKQKTK0Dg0kNNTZ3FNw9Ds2h-b8wXGkBcnQ/edit?tab=t.0,https://docs.google.com/spreadsheets/d/1tNvXjIb80iy9LffiJiwWKWfO6EvK1fpPkLZTGzKxAP8/edit?gid=2028369266#gid=2028369266,https://docs.google.com/document/d/1BiOtW2AKxFkpUf7E5Mb12HIKnd79c3zrqAzDzZVmUq0/edit?tab=t.uwahu720au6
Import Clearance Belgium,https://docs.google.com/document/d/1NGIxPM2YgvoBB4ekxdaOHNwrk3qNaH8RUpmLnZCkGCc/edit?usp=sharing,https://docs.google.com/document/d/1-Fm6wSAD267mgYANlJtPO1FJD8YTTbSHbpsxtVRdGbc/edit?tab=t.0,https://docs.google.com/spreadsheets/d/1tNvXjIb80iy9LffiJiwWKWfO6EvK1fpPkLZTGzKxAP8/edit?gid=1017944777#gid=1017944777,https://docs.google.com/document/d/1BiOtW2AKxFkpUf7E5Mb12HIKnd79c3zrqAzDzZVmUq0/edit?tab=t.5hnicd8lw3z5
Export Clearance Belgium,https://docs.google.com/document/d/1CyIIe-5ATSue_o4kSauy7xWw7zPjzBa9o-JVNb3ULRg/edit?usp=sharing,https://docs.google.com/document/d/1nDY3_aZ3iSwA26IAk8NHvrzPKdwLgIh4y9VomnUn1OY/edit?tab=t.0,https://docs.google.com/spreadsheets/d/1tNvXjIb80iy9LffiJiwWKWfO6EvK1fpPkLZTGzKxAP8/edit?gid=2067193306#gid=2067193306,https://docs.google.com/document/d/1BiOtW2AKxFkpUf7E5Mb12HIKnd79c3zrqAzDzZVmUq0/edit?tab=t.3cf75qoqq8y7
VAT & Fiscal Representation Belgium,https://docs.google.com/document/d/1y98kblleWBocXumIGkNm9KkJ1La39Hi3yDzJYfjcF3Q/edit?usp=sharing,https://docs.google.com/document/d/1ZFcaLscHncxArIIIS61Imvosfo2S9gMLmivsD4LosEs/edit?tab=t.0,https://docs.google.com/spreadsheets/d/1tNvXjIb80iy9LffiJiwWKWfO6EvK1fpPkLZTGzKxAP8/edit?gid=932059620#gid=932059620,https://docs.google.com/document/d/1BiOtW2AKxFkpUf7E5Mb12HIKnd79c3zrqAzDzZVmUq0/edit?tab=t.6437eoz2nret
Import Clearance Germany,https://docs.google.com/document/d/1jxu9q-_GIuX01vE8AKN8nIdSyNke0l3XygB8bZNcTBw/edit?usp=sharing,https://docs.google.com/document/d/1ymK5rY2Xw3yOyT_bNhql7RVhdulomm3hQ1W188oRIK4/edit?tab=t.0,https://docs.google.com/spreadsheets/d/1tNvXjIb80iy9LffiJiwWKWfO6EvK1fpPkLZTGzKxAP8/edit?gid=362322497#gid=362322497,https://docs.google.com/document/d/1BiOtW2AKxFkpUf7E5Mb12HIKnd79c3zrqAzDzZVmUq0/edit?tab=t.6itvocnwmo5m
"Export Clearance Germany
",https://docs.google.com/document/d/1vY-5wONs4MpjiDD1TrUT4YwhrB2hfIQJivnrSGsYcbc/edit?usp=sharing,https://docs.google.com/document/d/1mPMoRnLsrC5j6DmkV-kTH3Rc9J7ghp-dZ8T0y1axFAI/edit?tab=t.0,https://docs.google.com/spreadsheets/d/1tNvXjIb80iy9LffiJiwWKWfO6EvK1fpPkLZTGzKxAP8/edit?gid=1232848388#gid=1232848388,https://docs.google.com/document/d/1BiOtW2AKxFkpUf7E5Mb12HIKnd79c3zrqAzDzZVmUq0/edit?tab=t.t31a8669qoy6
Import Clearance Netherlands,https://docs.google.com/document/d/1Gee_lsmNd_qYliro1Z3MOnaqYgCP_D3_6Epwy4D3vNI/edit?usp=sharing,https://docs.google.com/document/d/1he1MWKBrIfP-O6bT3GizKNTS5Uo28BgMqc5e47cQHQg/edit?tab=t.0,https://docs.google.com/spreadsheets/d/1tNvXjIb80iy9LffiJiwWKWfO6EvK1fpPkLZTGzKxAP8/edit?gid=863952817#gid=863952817,https://docs.google.com/document/d/1BiOtW2AKxFkpUf7E5Mb12HIKnd79c3zrqAzDzZVmUq0/edit?tab=t.83w354mdy8zv
Export Clearance Netherlands,https://docs.google.com/document/d/1AD93pH5tEjPfE-X2Zn2wkzZxlW9cZTZ_kuIlMm1rxt8/edit?usp=sharing,https://docs.google.com/document/d/15HKmMp2maK1qrKxKnsRgdnI8QgY05V2M-ikKy6RO6_k/edit?tab=t.0,https://docs.google.com/spreadsheets/d/1tNvXjIb80iy9LffiJiwWKWfO6EvK1fpPkLZTGzKxAP8/edit?gid=1415189586#gid=1415189586,https://docs.google.com/document/d/1BiOtW2AKxFkpUf7E5Mb12HIKnd79c3zrqAzDzZVmUq0/edit?tab=t.gkbf6o86n7gc
Fiscal Representation Netherlands,https://docs.google.com/document/d/1X460b3z_CzK1GBnfxSU3DjzO2nUk3UHLtFSNB6kNhTo/edit?usp=sharing,https://docs.google.com/document/d/1al2Jyv2ma6LxFXHXgorYxrkR7YsSmCyUrqsT9SdDrvs/edit?tab=t.0,https://docs.google.com/spreadsheets/d/1tNvXjIb80iy9LffiJiwWKWfO6EvK1fpPkLZTGzKxAP8/edit?gid=1955853778#gid=1955853778,https://docs.google.com/document/d/1BiOtW2AKxFkpUf7E5Mb12HIKnd79c3zrqAzDzZVmUq0/edit?tab=t.wax9skwhpk4t
Truck Freight Customs Clearance,https://docs.google.com/document/d/1OO6DFVQI-yLYByS04HhkypZYlmQYFQtNFWSOld2hXuc/edit?usp=sharing,https://docs.google.com/document/d/10blIV1cZRhGH4IvPUnKON2wMINqMX0ZVacIUf2H__NY/edit?tab=t.0,https://docs.google.com/spreadsheets/d/1tNvXjIb80iy9LffiJiwWKWfO6EvK1fpPkLZTGzKxAP8/edit?gid=798246505#gid=798246505,https://docs.google.com/document/d/1BiOtW2AKxFkpUf7E5Mb12HIKnd79c3zrqAzDzZVmUq0/edit?tab=t.9d8i22scaoyq
Douane-inklaring tijd Europa,Wegtransport inklaring,Wegtransport inklaring,https://docs.google.com/document/d/16rcD-1fsPRc42BMofEV_fgIhVQL7CTdY9DsMgIhsbPA/edit?usp=sharing,
Inklaring geconditioneerde goederen,Inklaring geconditioneerde goederen,Inklaring geconditioneerde goederen,https://docs.google.com/document/d/1ZYqIlfeVVlJ0iAwKQ1xRITatpFUwe_upbhzpoG5nekk/edit?usp=sharing,
,,,,
Luchtvracht inklaring,Luchtvracht inklaring,Luchtvracht inklaring,https://docs.google.com/document/d/1oCafV08cqAPGlobvYn-qUj6S76889niXpCx8EE5bD6Q/edit?usp=sharing,
E-commerce inklaring EU,E-commerce inklaring EU,E-commerce inklaring EU,https://docs.google.com/document/d/1Ibq2nwO1iAHWHCYqhgaqZw8CMKVOtx1sbDGghJqL5SE/edit?usp=sharing,
Inklaring voedselimport,Inklaring voedselimport,Inklaring voedselimport,https://docs.google.com/document/d/1wXy6AJtP8pfUuto9FeNJ94029A-PSBf2vQRCrlIWpUA/edit?usp=sharing,
Automotive inklaring,Automotive inklaring,Automotive inklaring,https://docs.google.com/document/d/1rW8z968-HIu7qgi_LKlVjZfg5qKDfDOgO02X2puOnBQ/edit?usp=sharing,
 Farmaceutische inklaring,Farmaceutische inklaring,Farmaceutische inklaring,https://docs.google.com/document/d/1zRrPcrif8YXlq62tGlV8A_evn_qr7GggBgzG--P2zrw/edit?tab=t.0#heading=h.8abwj677t78b,
Elektronica Inklaring EU,Topic [Elektronica Inklaring EU – Douaneprocedure voor Elektronica Import ],Topic [Elektronica Inklaring EU – Douaneprocedure voor Elektronica Import ]g,https://docs.google.com/document/d/1CFmdmOHKruMcOqsYYb_YFcbAJmEhXLbwUsvlDpIWIKA/edit?tab=t.0#heading=h.3ir4cj4v2dp,
Inklaring mechanische apparatuur,Inklaring mechanische apparatuur,Inklaring mechanische apparatuur,https://docs.google.com/document/d/1iEdGngbF4xAMenOBnlpxGkcWqjCuM30MToS3yaHlJFg/edit?tab=t.0,
Proces douane-inklaring Europa,Proces douane-inklaring Europa,Proces douane-inklaring Europa,https://docs.google.com/document/d/18z28dDVWu-04KenYPW6GiqZhJ0ZkrFumV_J0ihhc9GI/edit?usp=sharing,
Douane-inklaring tijd Europa,Douane-inklaring tijd Europa,Douane-inklaring tijd Europa,https://docs.google.com/document/d/1Q2keTPZcT84A_AdQirPTZUCWNk0o0ca2rzU37etzODI/edit?usp=sharing,
Benodigde documenten voor douane-inklaring,Benodigde documenten voor douane-inklaring,Benodigde documenten voor douane-inklaring,https://docs.google.com/document/d/1ed_cwoL0X_imQLVYzd2NHsy_fyRUe-Nm8UrNiL4_27Y/edit?tab=t.0#heading=h.c7t0yz9kxgz,
Conossement (Bill of Lading),Conossement (Bill of Lading),Conossement (Bill of Lading),https://docs.google.com/document/d/1-ysi2xc9gqpu-Pcd79do5yCmIC28zfFiVcN9Y6Wxoho/edit?tab=t.0,
Exportaangifte,Exportaangifte,Exportaangifte,https://docs.google.com/document/d/1H9Ar8YzXihuCgYLQPEu9Th4vP0hpaGxOAbXFFm67Uqo/edit?tab=t.0,
Certificaat van oorsprong,Certificaat van oorsprong,Certificaat van oorsprong,https://docs.google.com/document/d/1URmy4U9WXMokE6T4h9crcL37y9M1b69gHATyhpYOtm8/edit?tab=t.0,
ENS-aangifte,ENS-aangifte,ENS-aangifte,https://docs.google.com/document/d/1u0Ke11Q4KwamPu5uPc5JyN2vHi7WTCYrbZ4CAYMv3yA/edit?usp=sharing,
MRN-nummer,MRN-nummer,https://docs.google.com/document/d/15VrHRUlTeEsb2bGPIuPizRFDETrvFGKUZ_UT-3u6Ua0/edit?tab=t.tbelluun5n8,https://docs.google.com/document/d/17091KJ62n3avYtK7o5G7pRpoIC3aXi0T7weUQigyCx8/edit?usp=sharing,
Tijdelijke invoerprocedure EU,Tijdelijke invoerprocedure EU,https://docs.google.com/document/d/140UeCwCcM7TOYlWKeZBIsA5FJnyTvmjdAkwIMTFofDA/edit?usp=sharing,https://docs.google.com/document/d/140UeCwCcM7TOYlWKeZBIsA5FJnyTvmjdAkwIMTFofDA/edit?usp=sharing,